# SELECTED_BUNDLE_FOR_SHIPPING,40

timestamp_iso,participant_id,age,response_group,trial_index,block,bundle_id,focal_product,tiein_product,condition,focal_price,tiein_price,total_price,allocation_per_trial,response_key,response,rt_ms,valid_response,is_selected_bundle,bundles_bought_cumulative
2026-02-26T07:43:42.995,6,32,A,0,1,38,Table Lamp,Light Bulb,ZP,55.2,0.0,55.2,70.0,num_1,BUY,2919.96,1,0,1
2026-02-26T07:43:50.538,6,32,A,1,1,16,Chocolate Set (90g),Coffee,LP,17.4,0.1,17.5,70.0,num_3,NOBUY,2864.15,1,0,1
2026-02-26T07:43:58.149,6,32,A,2,1,5,Webcam (HD camera mini packing),RK-12 LED Light,ZP,47.2,0.0,47.2,70.0,num_3,NOBUY,2223.99,1,0,1
2026-02-26T07:44:05.675,6,32,A,3,1,3,Hoco J87 Tacker PD20W+QC3.0 Power Bank (10000mAh) Black,Hoco X86 Micro Spear silicone charging data cable Black,NP,39.2,7.2,46.4,70.0,num_3,NOBUY,1412.85,1,0,1
2026-02-26T07:44:13.303,6,32,A,4,1,18,Red Wine 'Gonadze' Khvanchkara (Semi-Sweet) 0.75L,Wine Bottle Opener OEM TM39002,LP,43.16,0.1,43.26,70.0,num_1,BUY,1242.59,1,0,2
2026-02-26T07:44:20.829,6,32,A,5,1,9,Rice (N1 Long Grain 900g),Spices (Black Pepper),ZP,4.43,0.0,4.43,70.0,num_3,NOBUY,2178.36,1,0,2
2026-02-26T07:44:28.389,6,32,A,6,1,10,Olive Oil (Extra Virgin 0.5L),Salad Bowl,NP,20.0,3.2,23.2,70.0,num_1,BUY,1206.01,1,0,3
2026-02-26T07:44:35.883,6,32,A,7,1,35,Candlestick,Candle,NP,31.92,6.4,38.32,70.0,num_3,NOBUY,1772.06,1,0,3
2026-02-26T07:44:43.460,6,32,A,8,1,1,Wireless Mouse (Dell WM126 Black),Gembird mouse Pad Black,NP,40.9,2.4,43.3,70.0,num_1,BUY,873.64,1,0,4
2026-02-26T07:44:51.037,6,32,A,9,1,14,Sausage (780g),Mustard,ZP,13.0,0.0,13.0,70.0,num_1,BUY,980.18,1,0,5
2026-02-26T07:44:58.613,6,32,A,10,1,10,Olive Oil (Extra Virgin 0.5L),Salad Bowl,ZP,23.2,0.0,23.2,70.0,num_1,BUY,987.29,1,0,6
2026-02-26T07:45:06.107,6,32,A,11,1,4,Proove Wireless Earphones Mainstream TWS white,BLACK CASE FOR AIRPODS 3,NP,46.4,9.6,56.0,70.0,num_1,BUY,1744.98,1,0,7
2026-02-26T07:45:13.718,6,32,A,12,1,23,Toilet Paper (Selpak 32pcs),Wet Wipes,LP,31.44,0.1,31.54,70.0,num_1,BUY,1408.02,1,0,8
2026-02-26T07:45:21.311,6,32,A,13,1,6,Vention TGKBD Type-C to 4-Port,Ugreen USB-C to USB-C PD Fast Charging Cable,ZP,54.4,0.0,54.4,70.0,num_1,BUY,1560.93,1,0,9
2026-02-26T07:45:28.938,6,32,A,14,1,30,Floor Cleaning Mop,Mop Replacement Head,ZP,55.52,0.0,55.52,70.0,num_1,BUY,873.42,1,0,10
2026-02-26T07:45:36.498,6,32,A,15,1,1,Wireless Mouse (Dell WM126 Black),Gembird mouse Pad Black,LP,43.3,0.1,43.4,70.0,num_1,BUY,1721.53,1,0,11
2026-02-26T07:45:43.991,6,32,A,16,1,10,Olive Oil (Extra Virgin 0.5L),Salad Bowl,LP,23.2,0.1,23.3,70.0,num_1,BUY,1207.53,1,0,12
2026-02-26T07:45:51.451,6,32,A,17,1,11,Bacon,Eggs,LP,12.8,0.1,12.9,70.0,num_1,BUY,2550.34,1,0,13
2026-02-26T07:45:59.012,6,32,A,18,1,24,Fito - Nourishment Shampoo for Dry Hair Sulfate-Free 250ml,Fito - Nourishment Conditioner for Dry Hair 175ml,NP,24.76,19.96,44.72,70.0,num_3,NOBUY,1400.2,1,0,13
2026-02-26T07:46:06.555,6,32,A,19,1,29,Electric Toothbrush Bicofident,Toothpaste (LACALUT 75ml),ZP,43.25,0.0,43.25,70.0,num_1,BUY,1021.36,1,0,14
2026-02-26T07:46:14.032,6,32,A,20,1,40,Flashlight,Battery,NP,53.6,4.0,57.6,70.0,num_1,BUY,1650.91,1,1,15
2026-02-26T07:46:21.659,6,32,A,21,1,12,Pesto,Pasta Barilla (Fussili),LP,23.48,0.1,23.58,70.0,num_1,BUY,1543.12,1,0,16
2026-02-26T07:46:29.302,6,32,A,22,1,39,Hascevher 28cm Granite Pan without Lid,Drevotvar 29.5cm Wooden Spoon,LP,31.44,0.1,31.54,70.0,num_1,BUY,809.92,1,0,17
2026-02-26T07:46:36.913,6,32,A,23,1,28,Coconut Body Lotion,Soap,ZP,51.2,0.0,51.2,70.0,num_1,BUY,1959.96,1,0,18
2026-02-26T07:46:44.440,6,32,A,24,1,23,Toilet Paper (Selpak 32pcs),Wet Wipes,NP,26.0,5.44,31.44,70.0,num_3,NOBUY,3265.31,1,0,18
2026-02-26T07:46:52.017,6,32,A,25,1,31,Designworks Ink - Notebook Twin Wire,Pen,LP,42.39,0.1,42.49,70.0,num_1,BUY,1459.01,1,0,19
2026-02-26T07:46:59.593,6,32,A,26,1,5,Webcam (HD camera mini packing),RK-12 LED Light,NP,34.4,12.8,47.2,70.0,num_3,NOBUY,3273.38,1,0,19
2026-02-26T07:47:07.070,6,32,A,27,1,13,Cavear,Butter (President),LP,47.92,0.1,48.02,70.0,num_1,BUY,1072.28,1,0,20
2026-02-26T07:47:14.614,6,32,A,28,1,2,2E Membrane keyboard KG350 Gaming,Keyboard Cover,LP,56.0,0.1,56.1,70.0,num_1,BUY,1191.03,1,0,21
2026-02-26T07:47:22.174,6,32,A,29,1,9,Rice (N1 Long Grain 900g),Spices (Black Pepper),LP,4.43,0.1,4.53,70.0,num_1,BUY,2393.15,1,0,22
2026-02-26T07:47:29.701,6,32,A,30,1,34,Cutting Board,Knife,LP,51.12,0.1,51.22,70.0,num_1,BUY,1515.71,1,0,23
2026-02-26T07:47:37.295,6,32,A,31,1,35,Candlestick,Candle,LP,38.32,0.1,38.42,70.0,num_1,BUY,902.87,1,0,24
2026-02-26T07:47:44.838,6,32,A,32,1,23,Toilet Paper (Selpak 32pcs),Wet Wipes,ZP,31.44,0.0,31.44,70.0,num_1,BUY,1078.42,1,0,25
2026-02-26T07:47:52.448,6,32,A,33,1,34,Cutting Board,Knife,NP,35.92,15.2,51.12,70.0,num_3,NOBUY,2876.73,1,0,25
2026-02-26T07:48:00.059,6,32,A,34,1,3,Hoco J87 Tacker PD20W+QC3.0 Power Bank (10000mAh) Black,Hoco X86 Micro Spear silicone charging data cable Black,ZP,46.4,0.0,46.4,70.0,num_1,BUY,1091.31,1,0,26
2026-02-26T07:48:07.651,6,32,A,35,1,18,Red Wine 'Gonadze' Khvanchkara (Semi-Sweet) 0.75L,Wine Bottle Opener OEM TM39002,ZP,43.16,0.0,43.16,70.0,num_1,BUY,2046.13,1,0,27
2026-02-26T07:48:15.312,6,32,A,36,1,21,Tea Box,Greenfield Tea,LP,35.88,0.1,35.98,70.0,num_1,BUY,944.28,1,0,28
2026-02-26T07:48:23.021,6,32,A,37,1,37,FAIRY Dishwashing Liquid Lemon 1.5L,Dishwashing Sponge VILEDA,ZP,11.04,0.0,11.04,70.0,num_1,BUY,917.7,1,0,29
2026-02-26T07:48:30.732,6,32,A,38,1,4,Proove Wireless Earphones Mainstream TWS white,BLACK CASE FOR AIRPODS 3,ZP,56.0,0.0,56.0,70.0,num_1,BUY,753.73,1,0,30
2026-02-26T07:48:38.242,6,32,A,39,1,20,Arak (Georgian Brandy),Energy Drink Red Bull (250ml),LP,44.76,0.1,44.86,70.0,num_1,BUY,835.42,1,0,31
2026-02-26T07:48:58.075,6,32,A,40,2,33,Board,Markers,NP,39.2,3.8,43.0,70.0,num_1,BUY,1878.9,1,0,32
2026-02-26T07:49:05.702,6,32,A,41,2,25,Liquid Soap Dispenser,Liquid Soap,ZP,44.56,0.0,44.56,70.0,num_1,BUY,1085.59,1,0,33
2026-02-26T07:49:13.196,6,32,A,42,2,6,Vention TGKBD Type-C to 4-Port,Ugreen USB-C to USB-C PD Fast Charging Cable,LP,54.4,0.1,54.5,70.0,num_1,BUY,705.64,1,0,34
2026-02-26T07:49:20.856,6,32,A,43,2,38,Table Lamp,Light Bulb,NP,45.6,9.6,55.2,70.0,num_3,NOBUY,2046.82,1,0,34
2026-02-26T07:49:28.349,6,32,A,44,2,19,Whiskey (0.75L),Leonardo Swing Whisky Glass,NP,47.92,7.6,55.52,70.0,num_1,BUY,1310.76,1,0,35
2026-02-26T07:49:35.877,6,32,A,45,2,39,Hascevher 28cm Granite Pan without Lid,Drevotvar 29.5cm Wooden Spoon,NP,27.2,4.24,31.44,70.0,num_1,BUY,2216.89,1,0,36
2026-02-26T07:49:43.420,6,32,A,46,2,16,Chocolate Set (90g),Coffee,NP,13.56,3.84,17.4,70.0,num_3,NOBUY,1496.17,1,0,36
2026-02-26T07:49:51.114,6,32,A,47,2,37,FAIRY Dishwashing Liquid Lemon 1.5L,Dishwashing Sponge VILEDA,NP,9.24,1.8,11.04,70.0,num_1,BUY,2747.37,1,0,37
2026-02-26T07:49:58.658,6,32,A,48,2,7,Electric Kettle (ADLER AD1224),Tea Cup with Filter,NP,36.0,6.07,42.07,70.0,num_3,NOBUY,1654.83,1,0,37
2026-02-26T07:50:06.334,6,32,A,49,2,15,Nuts (Peanuts 120g),Dried Fruits,NP,9.56,3.6,13.16,70.0,num_3,NOBUY,1728.07,1,0,37
2026-02-26T07:50:13.844,6,32,A,50,2,28,Coconut Body Lotion,Soap,NP,36.0,15.2,51.2,70.0,num_3,NOBUY,1457.3,1,0,37
2026-02-26T07:50:21.354,6,32,A,51,2,33,Board,Markers,ZP,43.0,0.0,43.0,70.0,num_1,BUY,1354.7,1,0,38
2026-02-26T07:50:28.865,6,32,A,52,2,1,Wireless Mouse (Dell WM126 Black),Gembird mouse Pad Black,ZP,43.3,0.0,43.3,70.0,num_1,BUY,891.83,1,0,39
2026-02-26T07:50:36.574,6,32,A,53,2,2,2E Membrane keyboard KG350 Gaming,Keyboard Cover,NP,44.0,12.0,56.0,70.0,num_3,NOBUY,2541.62,1,0,39
2026-02-26T07:50:44.134,6,32,A,54,2,30,Floor Cleaning Mop,Mop Replacement Head,LP,55.52,0.1,55.62,70.0,num_1,BUY,775.22,1,0,40
2026-02-26T07:50:51.745,6,32,A,55,2,17,Jackobs,Coffee mug,ZP,42.14,0.0,42.14,70.0,num_1,BUY,900.66,1,0,41
2026-02-26T07:50:59.505,6,32,A,56,2,37,FAIRY Dishwashing Liquid Lemon 1.5L,Dishwashing Sponge VILEDA,LP,11.04,0.1,11.14,70.0,num_1,BUY,1287.08,1,0,42
2026-02-26T07:51:07.031,6,32,A,57,2,27,Nail Care Set,Tweezers,NP,50.31,4.76,55.07,70.0,num_3,NOBUY,1675.37,1,0,42
2026-02-26T07:51:14.559,6,32,A,58,2,4,Proove Wireless Earphones Mainstream TWS white,BLACK CASE FOR AIRPODS 3,LP,56.0,0.1,56.1,70.0,num_1,BUY,1782.64,1,0,43
2026-02-26T07:51:22.152,6,32,A,59,2,32,Sapiens,Bookmark,LP,22.32,0.1,22.42,70.0,num_1,BUY,1303.07,1,0,44
2026-02-26T07:51:29.745,6,32,A,60,2,13,Cavear,Butter (President),NP,39.96,7.96,47.92,70.0,num_1,BUY,2487.25,1,0,45
2026-02-26T07:51:37.388,6,32,A,61,2,3,Hoco J87 Tacker PD20W+QC3.0 Power Bank (10000mAh) Black,Hoco X86 Micro Spear silicone charging data cable Black,LP,46.4,0.1,46.5,70.0,num_1,BUY,617.35,1,0,46
2026-02-26T07:51:44.899,6,32,A,62,2,8,Electric Stove (ARNICA ID 77610),Pan (HASCEVHER PICCOLO ID 100424),NP,30.4,11.36,41.76,70.0,num_1,BUY,2500.01,1,0,47
2026-02-26T07:51:52.392,6,32,A,63,2,26,Razor,Shaving Foam,NP,47.92,7.96,55.88,70.0,num_3,NOBUY,2602.89,1,0,47
2026-02-26T07:51:59.886,6,32,A,64,2,6,Vention TGKBD Type-C to 4-Port,Ugreen USB-C to USB-C PD Fast Charging Cable,NP,39.2,15.2,54.4,70.0,num_3,NOBUY,2219.01,1,0,47
2026-02-26T07:52:07.530,6,32,A,65,2,30,Floor Cleaning Mop,Mop Replacement Head,NP,49.6,5.92,55.52,70.0,num_3,NOBUY,1430.93,1,0,47
2026-02-26T07:52:15.106,6,32,A,66,2,11,Bacon,Eggs,ZP,12.8,0.0,12.8,70.0,num_1,BUY,2043.62,1,0,48
2026-02-26T07:52:22.667,6,32,A,67,2,29,Electric Toothbrush Bicofident,Toothpaste (LACALUT 75ml),NP,34.8,8.45,43.25,70.0,num_3,NOBUY,2168.74,1,0,48
2026-02-26T07:52:30.260,6,32,A,68,2,40,Flashlight,Battery,ZP,57.6,0.0,57.6,70.0,num_1,BUY,943.69,1,1,49
2026-02-26T07:52:37.903,6,32,A,69,2,31,Designworks Ink - Notebook Twin Wire,Pen,NP,39.99,2.4,42.39,70.0,num_3,NOBUY,1184.59,1,0,49
2026-02-26T07:52:45.497,6,32,A,70,2,36,Lunch container,Lunch Bag,LP,47.2,0.1,47.3,70.0,num_1,BUY,808.59,1,0,50
2026-02-26T07:52:53.058,6,32,A,71,2,8,Electric Stove (ARNICA ID 77610),Pan (HASCEVHER PICCOLO ID 100424),ZP,41.76,0.0,41.76,70.0,num_1,BUY,788.84,1,0,51
2026-02-26T07:53:00.734,6,32,A,72,2,15,Nuts (Peanuts 120g),Dried Fruits,LP,13.16,0.1,13.26,70.0,num_1,BUY,2036.71,1,0,52
2026-02-26T07:53:08.211,6,32,A,73,2,12,Pesto,Pasta Barilla (Fussili),ZP,23.48,0.0,23.48,70.0,num_1,BUY,944.52,1,0,53
2026-02-26T07:53:15.755,6,32,A,74,2,19,Whiskey (0.75L),Leonardo Swing Whisky Glass,LP,55.52,0.1,55.62,70.0,num_1,BUY,1214.26,1,0,54
2026-02-26T07:53:23.247,6,32,A,75,2,32,Sapiens,Bookmark,ZP,22.32,0.0,22.32,70.0,num_1,BUY,649.48,1,0,55
2026-02-26T07:53:30.891,6,32,A,76,2,24,Fito - Nourishment Shampoo for Dry Hair Sulfate-Free 250ml,Fito - Nourishment Conditioner for Dry Hair 175ml,ZP,44.72,0.0,44.72,70.0,num_1,BUY,667.86,1,0,56
2026-02-26T07:53:38.418,6,32,A,77,2,5,Webcam (HD camera mini packing),RK-12 LED Light,LP,47.2,0.1,47.3,70.0,num_3,NOBUY,3091.16,1,0,56
2026-02-26T07:53:45.962,6,32,A,78,2,16,Chocolate Set (90g),Coffee,ZP,17.4,0.0,17.4,70.0,num_3,NOBUY,1973.66,1,0,56
2026-02-26T07:53:53.589,6,32,A,79,2,40,Flashlight,Battery,LP,57.6,0.1,57.7,70.0,num_1,BUY,3041.03,1,1,57
2026-02-26T07:54:08.542,6,32,A,80,3,31,Designworks Ink - Notebook Twin Wire,Pen,ZP,42.39,0.0,42.39,70.0,num_3,NOBUY,1873.89,1,0,57
2026-02-26T07:54:16.053,6,32,A,81,3,20,Arak (Georgian Brandy),Energy Drink Red Bull (250ml),ZP,44.76,0.0,44.76,70.0,num_1,BUY,2518.79,1,0,58
2026-02-26T07:54:23.530,6,32,A,82,3,9,Rice (N1 Long Grain 900g),Spices (Black Pepper),NP,3.43,1.0,4.43,70.0,num_3,NOBUY,1373.04,1,0,58
2026-02-26T07:54:31.023,6,32,A,83,3,18,Red Wine 'Gonadze' Khvanchkara (Semi-Sweet) 0.75L,Wine Bottle Opener OEM TM39002,NP,31.96,11.2,43.16,70.0,num_3,NOBUY,990.83,1,0,58
2026-02-26T07:54:38.683,6,32,A,84,3,27,Nail Care Set,Tweezers,ZP,55.07,0.0,55.07,70.0,num_3,NOBUY,603.42,1,0,58
2026-02-26T07:54:46.310,6,32,A,85,3,32,Sapiens,Bookmark,NP,19.92,2.4,22.32,70.0,num_1,BUY,2880.03,1,0,59
2026-02-26T07:54:53.854,6,32,A,86,3,17,Jackobs,Coffee mug,LP,42.14,0.1,42.24,70.0,num_3,NOBUY,1987.47,1,0,59
2026-02-26T07:55:01.380,6,32,A,87,3,38,Table Lamp,Light Bulb,LP,55.2,0.1,55.3,70.0,num_1,BUY,2277.44,1,0,60
2026-02-26T07:55:08.924,6,32,A,88,3,36,Lunch container,Lunch Bag,ZP,47.2,0.0,47.2,70.0,num_1,BUY,1277.0,1,0,61
2026-02-26T07:55:16.417,6,32,A,89,3,22,Beer,Peanuts,NP,11.2,2.56,13.76,70.0,num_1,BUY,2569.75,1,0,62
2026-02-26T07:55:23.944,6,32,A,90,3,28,Coconut Body Lotion,Soap,LP,51.2,0.1,51.3,70.0,num_1,BUY,1560.95,1,0,63
2026-02-26T07:55:31.554,6,32,A,91,3,26,Razor,Shaving Foam,ZP,55.88,0.0,55.88,70.0,num_3,NOBUY,1558.23,1,0,63
2026-02-26T07:55:39.164,6,32,A,92,3,20,Arak (Georgian Brandy),Energy Drink Red Bull (250ml),NP,40.0,4.76,44.76,70.0,num_3,NOBUY,1776.66,1,0,63
2026-02-26T07:55:46.691,6,32,A,93,3,21,Tea Box,Greenfield Tea,NP,31.92,3.96,35.88,70.0,num_3,NOBUY,3306.94,1,0,63
2026-02-26T07:55:54.218,6,32,A,94,3,26,Razor,Shaving Foam,LP,55.88,0.1,55.98,70.0,num_3,NOBUY,1211.6,1,0,63
2026-02-26T07:56:01.861,6,32,A,95,3,7,Electric Kettle (ADLER AD1224),Tea Cup with Filter,LP,42.07,0.1,42.17,70.0,num_1,BUY,2442.36,1,0,64
2026-02-26T07:56:09.371,6,32,A,96,3,11,Bacon,Eggs,NP,9.0,3.8,12.8,70.0,num_1,BUY,2353.36,1,0,65
2026-02-26T07:56:17.015,6,32,A,97,3,25,Liquid Soap Dispenser,Liquid Soap,LP,44.56,0.1,44.66,70.0,num_1,BUY,2495.97,1,0,66
2026-02-26T07:56:24.742,6,32,A,98,3,36,Lunch container,Lunch Bag,NP,35.2,12.0,47.2,70.0,num_3,NOBUY,1592.78,1,0,66
2026-02-26T07:56:32.202,6,32,A,99,3,14,Sausage (780g),Mustard,LP,13.0,0.1,13.1,70.0,num_1,BUY,3003.94,1,0,67
2026-02-26T07:56:39.862,6,32,A,100,3,39,Hascevher 28cm Granite Pan without Lid,Drevotvar 29.5cm Wooden Spoon,ZP,31.44,0.0,31.44,70.0,num_1,BUY,1160.23,1,0,68
2026-02-26T07:56:47.372,6,32,A,101,3,25,Liquid Soap Dispenser,Liquid Soap,NP,39.36,5.2,44.56,70.0,num_1,BUY,1741.72,1,0,69
2026-02-26T07:56:54.899,6,32,A,102,3,12,Pesto,Pasta Barilla (Fussili),NP,18.72,4.76,23.48,70.0,num_3,NOBUY,2287.74,1,0,69
2026-02-26T07:57:02.443,6,32,A,103,3,22,Beer,Peanuts,LP,13.76,0.1,13.86,70.0,num_1,BUY,1790.17,1,0,70
2026-02-26T07:57:10.036,6,32,A,104,3,35,Candlestick,Candle,ZP,38.32,0.0,38.32,70.0,num_1,BUY,2551.79,1,0,71
2026-02-26T07:57:17.730,6,32,A,105,3,2,2E Membrane keyboard KG350 Gaming,Keyboard Cover,ZP,56.0,0.0,56.0,70.0,num_1,BUY,3077.05,1,0,72
2026-02-26T07:57:25.356,6,32,A,106,3,34,Cutting Board,Knife,ZP,51.12,0.0,51.12,70.0,num_1,BUY,1175.57,1,0,73
2026-02-26T07:57:32.933,6,32,A,107,3,19,Whiskey (0.75L),Leonardo Swing Whisky Glass,ZP,55.52,0.0,55.52,70.0,num_1,BUY,1268.6,1,0,74
2026-02-26T07:57:40.477,6,32,A,108,3,27,Nail Care Set,Tweezers,LP,55.07,0.1,55.17,70.0,num_3,NOBUY,1214.67,1,0,74
2026-02-26T07:57:47.937,6,32,A,109,3,13,Cavear,Butter (President),ZP,47.92,0.0,47.92,70.0,num_1,BUY,1414.7,1,0,75
2026-02-26T07:57:55.447,6,32,A,110,3,8,Electric Stove (ARNICA ID 77610),Pan (HASCEVHER PICCOLO ID 100424),LP,41.76,0.1,41.86,70.0,num_1,BUY,1465.61,1,0,76
2026-02-26T07:58:02.990,6,32,A,111,3,14,Sausage (780g),Mustard,NP,11.6,1.4,13.0,70.0,num_3,NOBUY,2374.17,1,0,76
2026-02-26T07:58:10.535,6,32,A,112,3,7,Electric Kettle (ADLER AD1224),Tea Cup with Filter,ZP,42.07,0.0,42.07,70.0,num_1,BUY,1981.58,1,0,77
2026-02-26T07:58:18.011,6,32,A,113,3,29,Electric Toothbrush Bicofident,Toothpaste (LACALUT 75ml),LP,43.25,0.1,43.35,70.0,num_1,BUY,1902.58,1,0,78
2026-02-26T07:58:25.522,6,32,A,114,3,21,Tea Box,Greenfield Tea,ZP,35.88,0.0,35.88,70.0,num_1,BUY,2081.21,1,0,79
2026-02-26T07:58:33.014,6,32,A,115,3,33,Board,Markers,LP,43.0,0.1,43.1,70.0,num_1,BUY,1165.54,1,0,80
2026-02-26T07:58:40.575,6,32,A,116,3,15,Nuts (Peanuts 120g),Dried Fruits,ZP,13.16,0.0,13.16,70.0,num_3,NOBUY,1932.01,1,0,80
2026-02-26T07:58:48.070,6,32,A,117,3,17,Jackobs,Coffee mug,NP,28.0,14.14,42.14,70.0,num_3,NOBUY,1404.29,1,0,80
2026-02-26T07:58:55.712,6,32,A,118,3,24,Fito - Nourishment Shampoo for Dry Hair Sulfate-Free 250ml,Fito - Nourishment Conditioner for Dry Hair 175ml,LP,44.72,0.1,44.82,70.0,num_3,NOBUY,1786.14,1,0,80
2026-02-26T07:59:03.323,6,32,A,119,3,22,Beer,Peanuts,ZP,13.76,0.0,13.76,70.0,num_1,BUY,1311.2,1,0,81

# SUMMARY
# Bundles bought,81
# Penalty,0.0
# Selected bundle ID,40
# Selected bundle name,Flashlight
# Selected bundle bought,True
