# SELECTED_BUNDLE_FOR_SHIPPING,4

timestamp_iso,participant_id,age,response_group,trial_index,block,bundle_id,focal_product,tiein_product,condition,focal_price,tiein_price,total_price,allocation_per_trial,response_key,response,rt_ms,valid_response,is_selected_bundle,bundles_bought_cumulative
2026-03-12T08:55:57.634,11,23,A,0,1,38,Table Lamp,Light Bulb,NP,45.6,9.6,55.2,70.0,,,,0,0,0
2026-03-12T08:56:05.278,11,23,A,1,1,7,Electric Kettle (ADLER AD1224),Tea Cup with Filter,LP,42.07,0.1,42.17,70.0,num_1,BUY,1091.14,1,0,1
2026-03-12T08:56:12.838,11,23,A,2,1,40,Flashlight,Battery,ZP,57.6,0.0,57.6,70.0,num_1,BUY,3885.85,1,0,2
2026-03-12T08:56:20.498,11,23,A,3,1,16,Chocolate Set (90g),Coffee,NP,13.56,3.84,17.4,70.0,num_1,BUY,1172.1,1,0,3
2026-03-12T08:56:28.224,11,23,A,4,1,36,Lunch container,Lunch Bag,LP,47.2,0.1,47.3,70.0,num_1,BUY,680.1,1,0,4
2026-03-12T08:56:35.834,11,23,A,5,1,18,Red Wine 'Gonadze' Khvanchkara (Semi-Sweet) 0.75L,Wine Bottle Opener OEM TM39002,LP,43.16,0.1,43.26,70.0,num_1,BUY,453.21,1,0,5
2026-03-12T08:56:43.295,11,23,A,6,1,40,Flashlight,Battery,LP,57.6,0.1,57.7,70.0,,,,0,0,5
2026-03-12T08:56:50.937,11,23,A,7,1,1,Wireless Mouse (Dell WM126 Black),Gembird mouse Pad Black,NP,40.9,2.4,43.3,70.0,num_1,BUY,387.45,1,0,6
2026-03-12T08:56:58.415,11,23,A,8,1,10,Olive Oil (Extra Virgin 0.5L),Salad Bowl,NP,20.0,3.2,23.2,70.0,num_1,BUY,1597.91,1,0,7
2026-03-12T08:57:05.924,11,23,A,9,1,26,Razor,Shaving Foam,NP,47.92,7.96,55.88,70.0,num_3,NOBUY,1213.8,1,0,7
2026-03-12T08:57:13.485,11,23,A,10,1,36,Lunch container,Lunch Bag,NP,35.2,12.0,47.2,70.0,,,,0,0,7
2026-03-12T08:57:21.128,11,23,A,11,1,30,Floor Cleaning Mop,Mop Replacement Head,NP,49.6,5.92,55.52,70.0,num_1,BUY,1662.6,1,0,8
2026-03-12T08:57:28.788,11,23,A,12,1,34,Cutting Board,Knife,ZP,51.12,0.0,51.12,70.0,num_1,BUY,1283.29,1,0,9
2026-03-12T08:57:36.365,11,23,A,13,1,11,Bacon,Eggs,LP,12.8,0.1,12.9,70.0,num_1,BUY,1531.47,1,0,10
2026-03-12T08:57:43.991,11,23,A,14,1,6,Vention TGKBD Type-C to 4-Port,Ugreen USB-C to USB-C PD Fast Charging Cable,LP,54.4,0.1,54.5,70.0,num_3,NOBUY,1571.53,1,0,10
2026-03-12T08:57:51.551,11,23,A,15,1,9,Rice (N1 Long Grain 900g),Spices (Black Pepper),LP,4.43,0.1,4.53,70.0,num_1,BUY,1255.82,1,0,11
2026-03-12T08:57:59.228,11,23,A,16,1,31,Designworks Ink - Notebook Twin Wire,Pen,LP,42.39,0.1,42.49,70.0,num_3,NOBUY,1912.71,1,0,11
2026-03-12T08:58:06.838,11,23,A,17,1,27,Nail Care Set,Tweezers,NP,50.31,4.76,55.07,70.0,num_1,BUY,2692.4,1,0,12
2026-03-12T08:58:14.498,11,23,A,18,1,25,Liquid Soap Dispenser,Liquid Soap,ZP,44.56,0.0,44.56,70.0,num_1,BUY,1787.5,1,0,13
2026-03-12T08:58:22.091,11,23,A,19,1,38,Table Lamp,Light Bulb,ZP,55.2,0.0,55.2,70.0,num_3,NOBUY,1765.03,1,0,13
2026-03-12T08:58:29.702,11,23,A,20,1,31,Designworks Ink - Notebook Twin Wire,Pen,ZP,42.39,0.0,42.39,70.0,num_3,NOBUY,1554.46,1,0,13
2026-03-12T08:58:37.294,11,23,A,21,1,11,Bacon,Eggs,NP,9.0,3.8,12.8,70.0,num_1,BUY,1823.52,1,0,14
2026-03-12T08:58:44.838,11,23,A,22,1,4,Proove Wireless Earphones Mainstream TWS white,BLACK CASE FOR AIRPODS 3,ZP,56.0,0.0,56.0,70.0,num_1,BUY,1550.05,1,1,15
2026-03-12T08:58:52.365,11,23,A,23,1,19,Whiskey (0.75L),Leonardo Swing Whisky Glass,NP,47.92,7.6,55.52,70.0,num_1,BUY,2134.76,1,0,16
2026-03-12T08:58:59.975,11,23,A,24,1,1,Wireless Mouse (Dell WM126 Black),Gembird mouse Pad Black,LP,43.3,0.1,43.4,70.0,num_3,NOBUY,1343.57,1,0,16
2026-03-12T08:59:07.569,11,23,A,25,1,31,Designworks Ink - Notebook Twin Wire,Pen,NP,39.99,2.4,42.39,70.0,num_3,NOBUY,1619.92,1,0,16
2026-03-12T08:59:15.195,11,23,A,26,1,27,Nail Care Set,Tweezers,LP,55.07,0.1,55.17,70.0,num_3,NOBUY,1394.85,1,0,16
2026-03-12T08:59:22.805,11,23,A,27,1,25,Liquid Soap Dispenser,Liquid Soap,NP,39.36,5.2,44.56,70.0,num_3,NOBUY,1254.28,1,0,16
2026-03-12T08:59:30.398,11,23,A,28,1,35,Candlestick,Candle,LP,38.32,0.1,38.42,70.0,num_3,NOBUY,1812.46,1,0,16
2026-03-12T08:59:38.059,11,23,A,29,1,29,Electric Toothbrush Bicofident,Toothpaste (LACALUT 75ml),NP,34.8,8.45,43.25,70.0,num_1,BUY,2003.55,1,0,17
2026-03-12T08:59:45.885,11,23,A,30,1,37,FAIRY Dishwashing Liquid Lemon 1.5L,Dishwashing Sponge VILEDA,LP,11.04,0.1,11.14,70.0,num_3,NOBUY,2233.02,1,0,17
2026-03-12T08:59:53.462,11,23,A,31,1,3,Hoco J87 Tacker PD20W+QC3.0 Power Bank (10000mAh) Black,Hoco X86 Micro Spear silicone charging data cable Black,LP,46.4,0.1,46.5,70.0,num_3,NOBUY,1043.18,1,0,17
2026-03-12T09:00:01.088,11,23,A,32,1,35,Candlestick,Candle,ZP,38.32,0.0,38.32,70.0,num_3,NOBUY,2010.55,1,0,17
2026-03-12T09:00:08.749,11,23,A,33,1,39,Hascevher 28cm Granite Pan without Lid,Drevotvar 29.5cm Wooden Spoon,ZP,31.44,0.0,31.44,70.0,num_1,BUY,1520.51,1,0,18
2026-03-12T09:00:16.359,11,23,A,34,1,33,Board,Markers,ZP,43.0,0.0,43.0,70.0,num_1,BUY,2205.67,1,0,19
2026-03-12T09:00:24.002,11,23,A,35,1,15,Nuts (Peanuts 120g),Dried Fruits,NP,9.56,3.6,13.16,70.0,num_1,BUY,2831.09,1,0,20
2026-03-12T09:00:31.645,11,23,A,36,1,16,Chocolate Set (90g),Coffee,LP,17.4,0.1,17.5,70.0,num_3,NOBUY,1254.28,1,0,20
2026-03-12T09:00:39.255,11,23,A,37,1,9,Rice (N1 Long Grain 900g),Spices (Black Pepper),NP,3.43,1.0,4.43,70.0,num_1,BUY,2805.01,1,0,21
2026-03-12T09:00:46.715,11,23,A,38,1,32,Sapiens,Bookmark,LP,22.32,0.1,22.42,70.0,num_3,NOBUY,2467.23,1,0,21
2026-03-12T09:00:54.192,11,23,A,39,1,26,Razor,Shaving Foam,ZP,55.88,0.0,55.88,70.0,num_3,NOBUY,1485.69,1,0,21
2026-03-12T09:01:11.411,11,23,A,40,2,22,Beer,Peanuts,ZP,13.76,0.0,13.76,70.0,num_3,NOBUY,1764.05,1,0,21
2026-03-12T09:01:18.904,11,23,A,41,2,12,Pesto,Pasta Barilla (Fussili),LP,23.48,0.1,23.58,70.0,num_3,NOBUY,1167.91,1,0,21
2026-03-12T09:01:26.531,11,23,A,42,2,29,Electric Toothbrush Bicofident,Toothpaste (LACALUT 75ml),LP,43.25,0.1,43.35,70.0,num_3,NOBUY,1831.05,1,0,21
2026-03-12T09:01:34.024,11,23,A,43,2,14,Sausage (780g),Mustard,ZP,13.0,0.0,13.0,70.0,num_1,BUY,1797.85,1,0,22
2026-03-12T09:01:41.668,11,23,A,44,2,13,Cavear,Butter (President),NP,39.96,7.96,47.92,70.0,num_3,NOBUY,2475.89,1,0,22
2026-03-12T09:01:49.177,11,23,A,45,2,23,Toilet Paper (Selpak 32pcs),Wet Wipes,LP,31.44,0.1,31.54,70.0,num_3,NOBUY,1136.25,1,0,22
2026-03-12T09:01:56.638,11,23,A,46,2,14,Sausage (780g),Mustard,NP,11.6,1.4,13.0,70.0,,,,0,0,22
2026-03-12T09:02:04.198,11,23,A,47,2,9,Rice (N1 Long Grain 900g),Spices (Black Pepper),ZP,4.43,0.0,4.43,70.0,num_3,NOBUY,2021.74,1,0,22
2026-03-12T09:02:11.725,11,23,A,48,2,20,Arak (Georgian Brandy),Energy Drink Red Bull (250ml),ZP,44.76,0.0,44.76,70.0,num_3,NOBUY,2054.36,1,0,22
2026-03-12T09:02:19.235,11,23,A,49,2,14,Sausage (780g),Mustard,LP,13.0,0.1,13.1,70.0,num_3,NOBUY,1595.11,1,0,22
2026-03-12T09:02:26.778,11,23,A,50,2,34,Cutting Board,Knife,NP,35.92,15.2,51.12,70.0,num_3,NOBUY,949.76,1,0,22
2026-03-12T09:02:34.371,11,23,A,51,2,29,Electric Toothbrush Bicofident,Toothpaste (LACALUT 75ml),ZP,43.25,0.0,43.25,70.0,num_3,NOBUY,1436.51,1,0,22
2026-03-12T09:02:41.965,11,23,A,52,2,3,Hoco J87 Tacker PD20W+QC3.0 Power Bank (10000mAh) Black,Hoco X86 Micro Spear silicone charging data cable Black,ZP,46.4,0.0,46.4,70.0,num_3,NOBUY,1231.97,1,0,22
2026-03-12T09:02:49.474,11,23,A,53,2,17,Jackobs,Coffee mug,NP,28.0,14.14,42.14,70.0,num_3,NOBUY,1307.71,1,0,22
2026-03-12T09:02:57.068,11,23,A,54,2,32,Sapiens,Bookmark,ZP,22.32,0.0,22.32,70.0,num_3,NOBUY,1399.5,1,0,22
2026-03-12T09:03:04.628,11,23,A,55,2,12,Pesto,Pasta Barilla (Fussili),NP,18.72,4.76,23.48,70.0,num_3,NOBUY,2182.44,1,0,22
2026-03-12T09:03:12.222,11,23,A,56,2,24,Fito - Nourishment Shampoo for Dry Hair Sulfate-Free 250ml,Fito - Nourishment Conditioner for Dry Hair 175ml,NP,24.76,19.96,44.72,70.0,num_3,NOBUY,551.46,1,0,22
2026-03-12T09:03:19.732,11,23,A,57,2,3,Hoco J87 Tacker PD20W+QC3.0 Power Bank (10000mAh) Black,Hoco X86 Micro Spear silicone charging data cable Black,NP,39.2,7.2,46.4,70.0,num_3,NOBUY,1317.86,1,0,22
2026-03-12T09:03:27.209,11,23,A,58,2,30,Floor Cleaning Mop,Mop Replacement Head,LP,55.52,0.1,55.62,70.0,num_3,NOBUY,867.31,1,0,22
2026-03-12T09:03:34.752,11,23,A,59,2,36,Lunch container,Lunch Bag,ZP,47.2,0.0,47.2,70.0,num_3,NOBUY,1058.66,1,0,22
2026-03-12T09:03:42.296,11,23,A,60,2,33,Board,Markers,NP,39.2,3.8,43.0,70.0,num_3,NOBUY,1447.27,1,0,22
2026-03-12T09:03:49.956,11,23,A,61,2,28,Coconut Body Lotion,Soap,NP,36.0,15.2,51.2,70.0,num_3,NOBUY,1178.5,1,0,22
2026-03-12T09:03:57.416,11,23,A,62,2,10,Olive Oil (Extra Virgin 0.5L),Salad Bowl,LP,23.2,0.1,23.3,70.0,num_3,NOBUY,2555.92,1,0,22
2026-03-12T09:04:05.226,11,23,A,63,2,37,FAIRY Dishwashing Liquid Lemon 1.5L,Dishwashing Sponge VILEDA,NP,9.24,1.8,11.04,70.0,num_1,BUY,1788.41,1,0,23
2026-03-12T09:04:12.835,11,23,A,64,2,6,Vention TGKBD Type-C to 4-Port,Ugreen USB-C to USB-C PD Fast Charging Cable,NP,39.2,15.2,54.4,70.0,num_3,NOBUY,1240.37,1,0,23
2026-03-12T09:04:20.446,11,23,A,65,2,24,Fito - Nourishment Shampoo for Dry Hair Sulfate-Free 250ml,Fito - Nourishment Conditioner for Dry Hair 175ml,ZP,44.72,0.0,44.72,70.0,num_3,NOBUY,1934.67,1,0,23
2026-03-12T09:04:28.106,11,23,A,66,2,23,Toilet Paper (Selpak 32pcs),Wet Wipes,ZP,31.44,0.0,31.44,70.0,num_3,NOBUY,1963.34,1,0,23
2026-03-12T09:04:35.766,11,23,A,67,2,5,Webcam (HD camera mini packing),RK-12 LED Light,NP,34.4,12.8,47.2,70.0,num_3,NOBUY,778.65,1,0,23
2026-03-12T09:04:43.376,11,23,A,68,2,26,Razor,Shaving Foam,LP,55.88,0.1,55.98,70.0,num_3,NOBUY,1401.39,1,0,23
2026-03-12T09:04:50.853,11,23,A,69,2,38,Table Lamp,Light Bulb,LP,55.2,0.1,55.3,70.0,num_3,NOBUY,1605.28,1,0,23
2026-03-12T09:04:58.512,11,23,A,70,2,18,Red Wine 'Gonadze' Khvanchkara (Semi-Sweet) 0.75L,Wine Bottle Opener OEM TM39002,ZP,43.16,0.0,43.16,70.0,num_3,NOBUY,1676.23,1,0,23
2026-03-12T09:05:06.122,11,23,A,71,2,2,2E Membrane keyboard KG350 Gaming,Keyboard Cover,ZP,56.0,0.0,56.0,70.0,num_3,NOBUY,1330.44,1,0,23
2026-03-12T09:05:13.716,11,23,A,72,2,13,Cavear,Butter (President),LP,47.92,0.1,48.02,70.0,num_3,NOBUY,1401.5,1,0,23
2026-03-12T09:05:21.342,11,23,A,73,2,39,Hascevher 28cm Granite Pan without Lid,Drevotvar 29.5cm Wooden Spoon,LP,31.44,0.1,31.54,70.0,num_3,NOBUY,3403.24,1,0,23
2026-03-12T09:05:28.953,11,23,A,74,2,2,2E Membrane keyboard KG350 Gaming,Keyboard Cover,NP,44.0,12.0,56.0,70.0,num_3,NOBUY,1676.75,1,0,23
2026-03-12T09:05:36.446,11,23,A,75,2,19,Whiskey (0.75L),Leonardo Swing Whisky Glass,ZP,55.52,0.0,55.52,70.0,num_1,BUY,2731.32,1,0,24
2026-03-12T09:05:43.906,11,23,A,76,2,13,Cavear,Butter (President),ZP,47.92,0.0,47.92,70.0,num_3,NOBUY,2150.81,1,0,24
2026-03-12T09:05:51.416,11,23,A,77,2,25,Liquid Soap Dispenser,Liquid Soap,LP,44.56,0.1,44.66,70.0,num_3,NOBUY,921.69,1,0,24
2026-03-12T09:05:59.060,11,23,A,78,2,22,Beer,Peanuts,LP,13.76,0.1,13.86,70.0,num_3,NOBUY,684.93,1,0,24
2026-03-12T09:06:06.703,11,23,A,79,2,40,Flashlight,Battery,NP,53.6,4.0,57.6,70.0,num_3,NOBUY,1576.83,1,0,24
2026-03-12T09:06:25.869,11,23,A,80,3,15,Nuts (Peanuts 120g),Dried Fruits,ZP,13.16,0.0,13.16,70.0,num_3,NOBUY,1749.7,1,0,24
2026-03-12T09:06:33.363,11,23,A,81,3,6,Vention TGKBD Type-C to 4-Port,Ugreen USB-C to USB-C PD Fast Charging Cable,ZP,54.4,0.0,54.4,70.0,num_3,NOBUY,1937.16,1,0,24
2026-03-12T09:06:40.973,11,23,A,82,3,21,Tea Box,Greenfield Tea,LP,35.88,0.1,35.98,70.0,num_3,NOBUY,1049.78,1,0,24
2026-03-12T09:06:48.483,11,23,A,83,3,32,Sapiens,Bookmark,NP,19.92,2.4,22.32,70.0,num_3,NOBUY,3057.34,1,0,24
2026-03-12T09:06:56.127,11,23,A,84,3,16,Chocolate Set (90g),Coffee,ZP,17.4,0.0,17.4,70.0,num_3,NOBUY,522.31,1,0,24
2026-03-12T09:07:03.603,11,23,A,85,3,24,Fito - Nourishment Shampoo for Dry Hair Sulfate-Free 250ml,Fito - Nourishment Conditioner for Dry Hair 175ml,LP,44.72,0.1,44.82,70.0,num_1,BUY,3608.3,1,0,25
2026-03-12T09:07:11.164,11,23,A,86,3,11,Bacon,Eggs,ZP,12.8,0.0,12.8,70.0,num_1,BUY,3389.31,1,0,26
2026-03-12T09:07:18.740,11,23,A,87,3,21,Tea Box,Greenfield Tea,NP,31.92,3.96,35.88,70.0,num_3,NOBUY,1127.41,1,0,26
2026-03-12T09:07:26.449,11,23,A,88,3,15,Nuts (Peanuts 120g),Dried Fruits,LP,13.16,0.1,13.26,70.0,num_3,NOBUY,2802.81,1,0,26
2026-03-12T09:07:33.976,11,23,A,89,3,20,Arak (Georgian Brandy),Energy Drink Red Bull (250ml),LP,44.76,0.1,44.86,70.0,num_3,NOBUY,1265.07,1,0,26
2026-03-12T09:07:41.453,11,23,A,90,3,12,Pesto,Pasta Barilla (Fussili),ZP,23.48,0.0,23.48,70.0,num_3,NOBUY,2370.07,1,0,26
2026-03-12T09:07:49.114,11,23,A,91,3,4,Proove Wireless Earphones Mainstream TWS white,BLACK CASE FOR AIRPODS 3,LP,56.0,0.1,56.1,70.0,num_3,NOBUY,2271.55,1,1,26
2026-03-12T09:07:56.690,11,23,A,92,3,34,Cutting Board,Knife,LP,51.12,0.1,51.22,70.0,num_3,NOBUY,911.75,1,0,26
2026-03-12T09:08:04.433,11,23,A,93,3,2,2E Membrane keyboard KG350 Gaming,Keyboard Cover,LP,56.0,0.1,56.1,70.0,num_3,NOBUY,3800.96,1,0,26
2026-03-12T09:08:12.043,11,23,A,94,3,30,Floor Cleaning Mop,Mop Replacement Head,ZP,55.52,0.0,55.52,70.0,num_3,NOBUY,999.5,1,0,26
2026-03-12T09:08:19.887,11,23,A,95,3,37,FAIRY Dishwashing Liquid Lemon 1.5L,Dishwashing Sponge VILEDA,ZP,11.04,0.0,11.04,70.0,,,,0,0,26
2026-03-12T09:08:27.397,11,23,A,96,3,8,Electric Stove (ARNICA ID 77610),Pan (HASCEVHER PICCOLO ID 100424),NP,30.4,11.36,41.76,70.0,num_1,BUY,1660.52,1,0,27
2026-03-12T09:08:35.006,11,23,A,97,3,27,Nail Care Set,Tweezers,ZP,55.07,0.0,55.07,70.0,num_3,NOBUY,1579.39,1,0,27
2026-03-12T09:08:42.650,11,23,A,98,3,19,Whiskey (0.75L),Leonardo Swing Whisky Glass,LP,55.52,0.1,55.62,70.0,num_3,NOBUY,1220.69,1,0,27
2026-03-12T09:08:50.194,11,23,A,99,3,8,Electric Stove (ARNICA ID 77610),Pan (HASCEVHER PICCOLO ID 100424),ZP,41.76,0.0,41.76,70.0,,,,0,0,27
2026-03-12T09:08:57.804,11,23,A,100,3,10,Olive Oil (Extra Virgin 0.5L),Salad Bowl,ZP,23.2,0.0,23.2,70.0,num_3,NOBUY,1955.98,1,0,27
2026-03-12T09:09:05.330,11,23,A,101,3,21,Tea Box,Greenfield Tea,ZP,35.88,0.0,35.88,70.0,num_3,NOBUY,953.82,1,0,27
2026-03-12T09:09:12.841,11,23,A,102,3,5,Webcam (HD camera mini packing),RK-12 LED Light,ZP,47.2,0.0,47.2,70.0,num_3,NOBUY,1326.93,1,0,27
2026-03-12T09:09:20.533,11,23,A,103,3,7,Electric Kettle (ADLER AD1224),Tea Cup with Filter,NP,36.0,6.07,42.07,70.0,num_1,BUY,2330.38,1,0,28
2026-03-12T09:09:28.177,11,23,A,104,3,28,Coconut Body Lotion,Soap,LP,51.2,0.1,51.3,70.0,num_3,NOBUY,1144.99,1,0,28
2026-03-12T09:09:35.754,11,23,A,105,3,20,Arak (Georgian Brandy),Energy Drink Red Bull (250ml),NP,40.0,4.76,44.76,70.0,num_3,NOBUY,1389.93,1,0,28
2026-03-12T09:09:43.414,11,23,A,106,3,4,Proove Wireless Earphones Mainstream TWS white,BLACK CASE FOR AIRPODS 3,NP,46.4,9.6,56.0,70.0,num_1,BUY,2108.51,1,1,29
2026-03-12T09:09:51.007,11,23,A,107,3,39,Hascevher 28cm Granite Pan without Lid,Drevotvar 29.5cm Wooden Spoon,NP,27.2,4.24,31.44,70.0,num_3,NOBUY,1393.49,1,0,29
2026-03-12T09:09:58.483,11,23,A,108,3,5,Webcam (HD camera mini packing),RK-12 LED Light,LP,47.2,0.1,47.3,70.0,num_3,NOBUY,2104.26,1,0,29
2026-03-12T09:10:05.994,11,23,A,109,3,7,Electric Kettle (ADLER AD1224),Tea Cup with Filter,ZP,42.07,0.0,42.07,70.0,num_3,NOBUY,360.41,1,0,29
2026-03-12T09:10:13.554,11,23,A,110,3,17,Jackobs,Coffee mug,LP,42.14,0.1,42.24,70.0,num_3,NOBUY,793.91,1,0,29
2026-03-12T09:10:21.097,11,23,A,111,3,18,Red Wine 'Gonadze' Khvanchkara (Semi-Sweet) 0.75L,Wine Bottle Opener OEM TM39002,NP,31.96,11.2,43.16,70.0,num_3,NOBUY,697.66,1,0,29
2026-03-12T09:10:28.691,11,23,A,112,3,22,Beer,Peanuts,NP,11.2,2.56,13.76,70.0,num_3,NOBUY,1328.42,1,0,29
2026-03-12T09:10:36.168,11,23,A,113,3,17,Jackobs,Coffee mug,ZP,42.14,0.0,42.14,70.0,num_3,NOBUY,1526.57,1,0,29
2026-03-12T09:10:43.661,11,23,A,114,3,35,Candlestick,Candle,NP,31.92,6.4,38.32,70.0,num_1,BUY,1745.12,1,0,30
2026-03-12T09:10:51.321,11,23,A,115,3,33,Board,Markers,LP,43.0,0.1,43.1,70.0,num_3,NOBUY,842.05,1,0,30
2026-03-12T09:10:58.947,11,23,A,116,3,23,Toilet Paper (Selpak 32pcs),Wet Wipes,NP,26.0,5.44,31.44,70.0,num_3,NOBUY,2137.44,1,0,30
2026-03-12T09:11:06.541,11,23,A,117,3,28,Coconut Body Lotion,Soap,ZP,51.2,0.0,51.2,70.0,num_3,NOBUY,1201.91,1,0,30
2026-03-12T09:11:14.101,11,23,A,118,3,1,Wireless Mouse (Dell WM126 Black),Gembird mouse Pad Black,ZP,43.3,0.0,43.3,70.0,num_3,NOBUY,1550.21,1,0,30
2026-03-12T09:11:21.661,11,23,A,119,3,8,Electric Stove (ARNICA ID 77610),Pan (HASCEVHER PICCOLO ID 100424),LP,41.76,0.1,41.86,70.0,num_1,BUY,1994.2,1,0,31

# SUMMARY
# Bundles bought,31
# Penalty,0.0
# Selected bundle ID,4
# Selected bundle name,Proove Wireless Earphones Mainstream TWS white
# Selected bundle bought,True
