# SELECTED_BUNDLE_FOR_SHIPPING,11

timestamp_iso,participant_id,age,response_group,trial_index,block,bundle_id,focal_product,tiein_product,condition,focal_price,tiein_price,total_price,allocation_per_trial,response_key,response,rt_ms,valid_response,is_selected_bundle,bundles_bought_cumulative
2026-03-05T07:42:17.503,9,23,B,0,1,17,Jackobs,Coffee mug,NP,28.0,14.14,42.14,70.0,num_3,BUY,2202.66,1,0,1
2026-03-05T07:42:25.080,9,23,B,1,1,32,Sapiens,Bookmark,LP,22.32,0.1,22.42,70.0,num_1,NOBUY,3498.7,1,0,1
2026-03-05T07:42:32.673,9,23,B,2,1,38,Table Lamp,Light Bulb,ZP,55.2,0.0,55.2,70.0,num_3,BUY,3635.08,1,0,2
2026-03-05T07:42:40.233,9,23,B,3,1,2,2E Membrane keyboard KG350 Gaming,Keyboard Cover,NP,44.0,12.0,56.0,70.0,num_1,NOBUY,3968.25,1,0,2
2026-03-05T07:42:48.009,9,23,B,4,1,37,FAIRY Dishwashing Liquid Lemon 1.5L,Dishwashing Sponge VILEDA,LP,11.04,0.1,11.14,70.0,num_3,BUY,1460.83,1,0,3
2026-03-05T07:42:55.686,9,23,B,5,1,34,Cutting Board,Knife,LP,51.12,0.1,51.22,70.0,num_1,NOBUY,726.6,1,0,3
2026-03-05T07:43:03.312,9,23,B,6,1,17,Jackobs,Coffee mug,ZP,42.14,0.0,42.14,70.0,num_3,BUY,1117.3,1,0,4
2026-03-05T07:43:10.906,9,23,B,7,1,7,Electric Kettle (ADLER AD1224),Tea Cup with Filter,LP,42.07,0.1,42.17,70.0,num_1,NOBUY,1535.17,1,0,4
2026-03-05T07:43:18.499,9,23,B,8,1,34,Cutting Board,Knife,ZP,51.12,0.0,51.12,70.0,num_1,NOBUY,604.85,1,0,4
2026-03-05T07:43:25.960,9,23,B,9,1,14,Sausage (780g),Mustard,NP,11.6,1.4,13.0,70.0,num_3,BUY,521.51,1,0,5
2026-03-05T07:43:33.569,9,23,B,10,1,28,Coconut Body Lotion,Soap,ZP,51.2,0.0,51.2,70.0,num_1,NOBUY,748.2,1,0,5
2026-03-05T07:43:41.163,9,23,B,11,1,29,Electric Toothbrush Bicofident,Toothpaste (LACALUT 75ml),LP,43.25,0.1,43.35,70.0,num_3,BUY,470.64,1,0,6
2026-03-05T07:43:48.806,9,23,B,12,1,18,Red Wine 'Gonadze' Khvanchkara (Semi-Sweet) 0.75L,Wine Bottle Opener OEM TM39002,LP,43.16,0.1,43.26,70.0,num_3,BUY,1030.08,1,0,7
2026-03-05T07:43:56.333,9,23,B,13,1,33,Board,Markers,LP,43.0,0.1,43.1,70.0,num_1,NOBUY,471.94,1,0,7
2026-03-05T07:44:03.810,9,23,B,14,1,9,Rice (N1 Long Grain 900g),Spices (Black Pepper),ZP,4.43,0.0,4.43,70.0,num_1,NOBUY,1339.61,1,0,7
2026-03-05T07:44:11.453,9,23,B,15,1,8,Electric Stove (ARNICA ID 77610),Pan (HASCEVHER PICCOLO ID 100424),NP,30.4,11.36,41.76,70.0,num_3,BUY,619.0,1,0,8
2026-03-05T07:44:18.914,9,23,B,16,1,30,Floor Cleaning Mop,Mop Replacement Head,LP,55.52,0.1,55.62,70.0,num_1,NOBUY,879.91,1,0,8
2026-03-05T07:44:26.490,9,23,B,17,1,18,Red Wine 'Gonadze' Khvanchkara (Semi-Sweet) 0.75L,Wine Bottle Opener OEM TM39002,ZP,43.16,0.0,43.16,70.0,num_3,BUY,1349.47,1,0,9
2026-03-05T07:44:34.083,9,23,B,18,1,22,Beer,Peanuts,NP,11.2,2.56,13.76,70.0,num_3,BUY,1011.05,1,0,10
2026-03-05T07:44:41.743,9,23,B,19,1,3,Hoco J87 Tacker PD20W+QC3.0 Power Bank (10000mAh) Black,Hoco X86 Micro Spear silicone charging data cable Black,NP,39.2,7.2,46.4,70.0,num_3,BUY,740.44,1,0,11
2026-03-05T07:44:49.387,9,23,B,20,1,4,Proove Wireless Earphones Mainstream TWS white,BLACK CASE FOR AIRPODS 3,ZP,56.0,0.0,56.0,70.0,num_1,NOBUY,818.88,1,0,11
2026-03-05T07:44:56.864,9,23,B,21,1,11,Bacon,Eggs,ZP,12.8,0.0,12.8,70.0,num_3,BUY,504.3,1,1,12
2026-03-05T07:45:04.374,9,23,B,22,1,3,Hoco J87 Tacker PD20W+QC3.0 Power Bank (10000mAh) Black,Hoco X86 Micro Spear silicone charging data cable Black,ZP,46.4,0.0,46.4,70.0,num_1,NOBUY,290.74,1,0,12
2026-03-05T07:45:11.884,9,23,B,23,1,19,Whiskey (0.75L),Leonardo Swing Whisky Glass,ZP,55.52,0.0,55.52,70.0,num_3,BUY,294.2,1,0,13
2026-03-05T07:45:19.460,9,23,B,24,1,25,Liquid Soap Dispenser,Liquid Soap,NP,39.36,5.2,44.56,70.0,num_1,NOBUY,352.36,1,0,13
2026-03-05T07:45:27.037,9,23,B,25,1,13,Cavear,Butter (President),ZP,47.92,0.0,47.92,70.0,num_1,NOBUY,878.7,1,0,13
2026-03-05T07:45:34.681,9,23,B,26,1,15,Nuts (Peanuts 120g),Dried Fruits,NP,9.56,3.6,13.16,70.0,num_3,BUY,494.16,1,0,14
2026-03-05T07:45:42.224,9,23,B,27,1,36,Lunch container,Lunch Bag,NP,35.2,12.0,47.2,70.0,num_3,BUY,803.46,1,0,15
2026-03-05T07:45:49.818,9,23,B,28,1,33,Board,Markers,NP,39.2,3.8,43.0,70.0,num_1,NOBUY,274.03,1,0,15
2026-03-05T07:45:57.311,9,23,B,29,1,24,Fito - Nourishment Shampoo for Dry Hair Sulfate-Free 250ml,Fito - Nourishment Conditioner for Dry Hair 175ml,NP,24.76,19.96,44.72,70.0,num_3,BUY,246.64,1,0,16
2026-03-05T07:46:04.887,9,23,B,30,1,13,Cavear,Butter (President),LP,47.92,0.1,48.02,70.0,num_1,NOBUY,547.23,1,0,16
2026-03-05T07:46:12.365,9,23,B,31,1,11,Bacon,Eggs,LP,12.8,0.1,12.9,70.0,num_3,BUY,569.5,1,1,17
2026-03-05T07:46:19.974,9,23,B,32,1,7,Electric Kettle (ADLER AD1224),Tea Cup with Filter,ZP,42.07,0.0,42.07,70.0,num_1,NOBUY,385.53,1,0,17
2026-03-05T07:46:27.434,9,23,B,33,1,22,Beer,Peanuts,ZP,13.76,0.0,13.76,70.0,num_3,BUY,284.12,1,0,18
2026-03-05T07:46:35.095,9,23,B,34,1,4,Proove Wireless Earphones Mainstream TWS white,BLACK CASE FOR AIRPODS 3,NP,46.4,9.6,56.0,70.0,num_1,NOBUY,300.44,1,0,18
2026-03-05T07:46:42.688,9,23,B,35,1,6,Vention TGKBD Type-C to 4-Port,Ugreen USB-C to USB-C PD Fast Charging Cable,NP,39.2,15.2,54.4,70.0,num_1,NOBUY,337.52,1,0,18
2026-03-05T07:46:50.232,9,23,B,36,1,38,Table Lamp,Light Bulb,LP,55.2,0.1,55.3,70.0,num_3,BUY,273.04,1,0,19
2026-03-05T07:46:57.758,9,23,B,37,1,1,Wireless Mouse (Dell WM126 Black),Gembird mouse Pad Black,NP,40.9,2.4,43.3,70.0,num_1,NOBUY,430.71,1,0,19
2026-03-05T07:47:05.384,9,23,B,38,1,16,Chocolate Set (90g),Coffee,LP,17.4,0.1,17.5,70.0,num_3,BUY,242.75,1,0,20
2026-03-05T07:47:13.011,9,23,B,39,1,23,Toilet Paper (Selpak 32pcs),Wet Wipes,NP,26.0,5.44,31.44,70.0,num_1,NOBUY,930.58,1,0,20
2026-03-05T07:47:35.476,9,23,B,40,2,9,Rice (N1 Long Grain 900g),Spices (Black Pepper),NP,3.43,1.0,4.43,70.0,num_1,NOBUY,672.54,1,0,20
2026-03-05T07:47:43.019,9,23,B,41,2,8,Electric Stove (ARNICA ID 77610),Pan (HASCEVHER PICCOLO ID 100424),LP,41.76,0.1,41.86,70.0,num_3,BUY,300.04,1,0,21
2026-03-05T07:47:50.561,9,23,B,42,2,31,Designworks Ink - Notebook Twin Wire,Pen,ZP,42.39,0.0,42.39,70.0,num_3,BUY,378.27,1,0,22
2026-03-05T07:47:58.138,9,23,B,43,2,34,Cutting Board,Knife,NP,35.92,15.2,51.12,70.0,num_1,NOBUY,510.23,1,0,22
2026-03-05T07:48:05.699,9,23,B,44,2,40,Flashlight,Battery,NP,53.6,4.0,57.6,70.0,num_3,BUY,267.79,1,0,23
2026-03-05T07:48:13.259,9,23,B,45,2,5,Webcam (HD camera mini packing),RK-12 LED Light,NP,34.4,12.8,47.2,70.0,num_1,NOBUY,292.31,1,0,23
2026-03-05T07:48:20.952,9,23,B,46,2,36,Lunch container,Lunch Bag,LP,47.2,0.1,47.3,70.0,num_3,BUY,277.01,1,0,24
2026-03-05T07:48:28.562,9,23,B,47,2,15,Nuts (Peanuts 120g),Dried Fruits,LP,13.16,0.1,13.26,70.0,num_1,NOBUY,237.58,1,0,24
2026-03-05T07:48:36.105,9,23,B,48,2,5,Webcam (HD camera mini packing),RK-12 LED Light,LP,47.2,0.1,47.3,70.0,num_3,BUY,272.1,1,0,25
2026-03-05T07:48:43.699,9,23,B,49,2,21,Tea Box,Greenfield Tea,ZP,35.88,0.0,35.88,70.0,num_1,NOBUY,269.06,1,0,25
2026-03-05T07:48:51.342,9,23,B,50,2,20,Arak (Georgian Brandy),Energy Drink Red Bull (250ml),NP,40.0,4.76,44.76,70.0,num_3,BUY,203.05,1,0,26
2026-03-05T07:48:59.002,9,23,B,51,2,19,Whiskey (0.75L),Leonardo Swing Whisky Glass,NP,47.92,7.6,55.52,70.0,num_1,NOBUY,563.11,1,0,26
2026-03-05T07:49:06.562,9,23,B,52,2,5,Webcam (HD camera mini packing),RK-12 LED Light,ZP,47.2,0.0,47.2,70.0,num_1,NOBUY,544.12,1,0,26
2026-03-05T07:49:14.023,9,23,B,53,2,30,Floor Cleaning Mop,Mop Replacement Head,ZP,55.52,0.0,55.52,70.0,num_1,NOBUY,658.89,1,0,26
2026-03-05T07:49:21.600,9,23,B,54,2,21,Tea Box,Greenfield Tea,LP,35.88,0.1,35.98,70.0,num_1,NOBUY,370.84,1,0,26
2026-03-05T07:49:29.060,9,23,B,55,2,24,Fito - Nourishment Shampoo for Dry Hair Sulfate-Free 250ml,Fito - Nourishment Conditioner for Dry Hair 175ml,LP,44.72,0.1,44.82,70.0,num_3,BUY,508.05,1,0,27
2026-03-05T07:49:36.653,9,23,B,56,2,32,Sapiens,Bookmark,ZP,22.32,0.0,22.32,70.0,num_3,BUY,334.45,1,0,28
2026-03-05T07:49:44.313,9,23,B,57,2,1,Wireless Mouse (Dell WM126 Black),Gembird mouse Pad Black,ZP,43.3,0.0,43.3,70.0,num_1,NOBUY,567.76,1,0,28
2026-03-05T07:49:51.906,9,23,B,58,2,2,2E Membrane keyboard KG350 Gaming,Keyboard Cover,LP,56.0,0.1,56.1,70.0,num_3,BUY,371.12,1,0,29
2026-03-05T07:49:59.466,9,23,B,59,2,17,Jackobs,Coffee mug,LP,42.14,0.1,42.24,70.0,num_3,BUY,455.5,1,0,30
2026-03-05T07:50:07.093,9,23,B,60,2,39,Hascevher 28cm Granite Pan without Lid,Drevotvar 29.5cm Wooden Spoon,LP,31.44,0.1,31.54,70.0,num_1,NOBUY,346.19,1,0,30
2026-03-05T07:50:14.570,9,23,B,61,2,9,Rice (N1 Long Grain 900g),Spices (Black Pepper),LP,4.43,0.1,4.53,70.0,num_1,NOBUY,335.15,1,0,30
2026-03-05T07:50:22.080,9,23,B,62,2,19,Whiskey (0.75L),Leonardo Swing Whisky Glass,LP,55.52,0.1,55.62,70.0,num_3,BUY,269.0,1,0,31
2026-03-05T07:50:29.641,9,23,B,63,2,21,Tea Box,Greenfield Tea,NP,31.92,3.96,35.88,70.0,num_1,NOBUY,328.47,1,0,31
2026-03-05T07:50:37.200,9,23,B,64,2,12,Pesto,Pasta Barilla (Fussili),LP,23.48,0.1,23.58,70.0,num_3,BUY,289.36,1,0,32
2026-03-05T07:50:44.993,9,23,B,65,2,37,FAIRY Dishwashing Liquid Lemon 1.5L,Dishwashing Sponge VILEDA,ZP,11.04,0.0,11.04,70.0,num_3,BUY,1208.78,1,0,33
2026-03-05T07:50:52.503,9,23,B,66,2,20,Arak (Georgian Brandy),Energy Drink Red Bull (250ml),LP,44.76,0.1,44.86,70.0,num_1,NOBUY,893.35,1,0,33
2026-03-05T07:51:00.047,9,23,B,67,2,12,Pesto,Pasta Barilla (Fussili),NP,18.72,4.76,23.48,70.0,num_1,NOBUY,793.87,1,0,33
2026-03-05T07:51:07.690,9,23,B,68,2,29,Electric Toothbrush Bicofident,Toothpaste (LACALUT 75ml),ZP,43.25,0.0,43.25,70.0,num_3,BUY,209.36,1,0,34
2026-03-05T07:51:15.216,9,23,B,69,2,11,Bacon,Eggs,NP,9.0,3.8,12.8,70.0,num_1,NOBUY,316.53,1,1,34
2026-03-05T07:51:22.827,9,23,B,70,2,14,Sausage (780g),Mustard,LP,13.0,0.1,13.1,70.0,num_3,BUY,290.91,1,0,35
2026-03-05T07:51:30.454,9,23,B,71,2,35,Candlestick,Candle,LP,38.32,0.1,38.42,70.0,num_1,NOBUY,593.13,1,0,35
2026-03-05T07:51:38.047,9,23,B,72,2,26,Razor,Shaving Foam,ZP,55.88,0.0,55.88,70.0,num_3,BUY,1264.44,1,0,36
2026-03-05T07:51:45.657,9,23,B,73,2,8,Electric Stove (ARNICA ID 77610),Pan (HASCEVHER PICCOLO ID 100424),ZP,41.76,0.0,41.76,70.0,num_1,NOBUY,272.01,1,0,36
2026-03-05T07:51:53.167,9,23,B,74,2,30,Floor Cleaning Mop,Mop Replacement Head,NP,49.6,5.92,55.52,70.0,num_3,BUY,333.67,1,0,37
2026-03-05T07:52:01.010,9,23,B,75,2,37,FAIRY Dishwashing Liquid Lemon 1.5L,Dishwashing Sponge VILEDA,NP,9.24,1.8,11.04,70.0,num_1,NOBUY,213.41,1,0,37
2026-03-05T07:52:08.637,9,23,B,76,2,25,Liquid Soap Dispenser,Liquid Soap,ZP,44.56,0.0,44.56,70.0,num_1,NOBUY,1085.77,1,0,37
2026-03-05T07:52:16.246,9,23,B,77,2,35,Candlestick,Candle,NP,31.92,6.4,38.32,70.0,num_3,BUY,522.12,1,0,38
2026-03-05T07:52:23.840,9,23,B,78,2,23,Toilet Paper (Selpak 32pcs),Wet Wipes,LP,31.44,0.1,31.54,70.0,num_1,NOBUY,357.59,1,0,38
2026-03-05T07:52:31.453,9,23,B,79,2,28,Coconut Body Lotion,Soap,LP,51.2,0.1,51.3,70.0,num_1,NOBUY,1329.02,1,0,38
2026-03-05T07:52:55.346,9,23,B,80,3,3,Hoco J87 Tacker PD20W+QC3.0 Power Bank (10000mAh) Black,Hoco X86 Micro Spear silicone charging data cable Black,LP,46.4,0.1,46.5,70.0,num_1,NOBUY,2337.12,1,0,38
2026-03-05T07:53:03.006,9,23,B,81,3,39,Hascevher 28cm Granite Pan without Lid,Drevotvar 29.5cm Wooden Spoon,ZP,31.44,0.0,31.44,70.0,num_1,NOBUY,499.31,1,0,38
2026-03-05T07:53:10.666,9,23,B,82,3,40,Flashlight,Battery,ZP,57.6,0.0,57.6,70.0,num_1,NOBUY,776.99,1,0,38
2026-03-05T07:53:18.259,9,23,B,83,3,18,Red Wine 'Gonadze' Khvanchkara (Semi-Sweet) 0.75L,Wine Bottle Opener OEM TM39002,NP,31.96,11.2,43.16,70.0,num_1,NOBUY,302.33,1,0,38
2026-03-05T07:53:25.787,9,23,B,84,3,29,Electric Toothbrush Bicofident,Toothpaste (LACALUT 75ml),NP,34.8,8.45,43.25,70.0,num_3,BUY,298.23,1,0,39
2026-03-05T07:53:33.430,9,23,B,85,3,12,Pesto,Pasta Barilla (Fussili),ZP,23.48,0.0,23.48,70.0,num_1,NOBUY,338.36,1,0,39
2026-03-05T07:53:41.023,9,23,B,86,3,6,Vention TGKBD Type-C to 4-Port,Ugreen USB-C to USB-C PD Fast Charging Cable,ZP,54.4,0.0,54.4,70.0,num_1,NOBUY,282.39,1,0,39
2026-03-05T07:53:48.533,9,23,B,87,3,26,Razor,Shaving Foam,NP,47.92,7.96,55.88,70.0,num_1,NOBUY,300.76,1,0,39
2026-03-05T07:53:56.026,9,23,B,88,3,10,Olive Oil (Extra Virgin 0.5L),Salad Bowl,ZP,23.2,0.0,23.2,70.0,num_1,NOBUY,519.99,1,0,39
2026-03-05T07:54:03.603,9,23,B,89,3,4,Proove Wireless Earphones Mainstream TWS white,BLACK CASE FOR AIRPODS 3,LP,56.0,0.1,56.1,70.0,num_1,NOBUY,316.26,1,0,39
2026-03-05T07:54:11.147,9,23,B,90,3,1,Wireless Mouse (Dell WM126 Black),Gembird mouse Pad Black,LP,43.3,0.1,43.4,70.0,num_1,NOBUY,374.69,1,0,39
2026-03-05T07:54:18.824,9,23,B,91,3,15,Nuts (Peanuts 120g),Dried Fruits,ZP,13.16,0.0,13.16,70.0,num_1,NOBUY,322.45,1,0,39
2026-03-05T07:54:26.450,9,23,B,92,3,25,Liquid Soap Dispenser,Liquid Soap,LP,44.56,0.1,44.66,70.0,num_1,NOBUY,642.87,1,0,39
2026-03-05T07:54:33.927,9,23,B,93,3,16,Chocolate Set (90g),Coffee,NP,13.56,3.84,17.4,70.0,num_3,BUY,298.46,1,0,40
2026-03-05T07:54:41.454,9,23,B,94,3,40,Flashlight,Battery,LP,57.6,0.1,57.7,70.0,num_1,NOBUY,356.93,1,0,40
2026-03-05T07:54:48.947,9,23,B,95,3,23,Toilet Paper (Selpak 32pcs),Wet Wipes,ZP,31.44,0.0,31.44,70.0,num_1,NOBUY,284.88,1,0,40
2026-03-05T07:54:56.490,9,23,B,96,3,26,Razor,Shaving Foam,LP,55.88,0.1,55.98,70.0,num_1,NOBUY,49.45,1,0,40
2026-03-05T07:55:04.051,9,23,B,97,3,24,Fito - Nourishment Shampoo for Dry Hair Sulfate-Free 250ml,Fito - Nourishment Conditioner for Dry Hair 175ml,ZP,44.72,0.0,44.72,70.0,num_1,NOBUY,289.79,1,0,40
2026-03-05T07:55:11.661,9,23,B,98,3,32,Sapiens,Bookmark,NP,19.92,2.4,22.32,70.0,num_3,BUY,289.04,1,0,41
2026-03-05T07:55:19.237,9,23,B,99,3,31,Designworks Ink - Notebook Twin Wire,Pen,NP,39.99,2.4,42.39,70.0,num_1,NOBUY,830.98,1,0,41
2026-03-05T07:55:26.847,9,23,B,100,3,27,Nail Care Set,Tweezers,ZP,55.07,0.0,55.07,70.0,num_1,NOBUY,469.89,1,0,41
2026-03-05T07:55:34.541,9,23,B,101,3,2,2E Membrane keyboard KG350 Gaming,Keyboard Cover,ZP,56.0,0.0,56.0,70.0,num_1,NOBUY,481.04,1,0,41
2026-03-05T07:55:42.018,9,23,B,102,3,10,Olive Oil (Extra Virgin 0.5L),Salad Bowl,LP,23.2,0.1,23.3,70.0,num_1,NOBUY,489.45,1,0,41
2026-03-05T07:55:49.494,9,23,B,103,3,14,Sausage (780g),Mustard,ZP,13.0,0.0,13.0,70.0,num_1,NOBUY,336.48,1,0,41
2026-03-05T07:55:57.138,9,23,B,104,3,35,Candlestick,Candle,ZP,38.32,0.0,38.32,70.0,num_1,NOBUY,592.4,1,0,41
2026-03-05T07:56:04.798,9,23,B,105,3,33,Board,Markers,ZP,43.0,0.0,43.0,70.0,num_1,NOBUY,430.24,1,0,41
2026-03-05T07:56:12.325,9,23,B,106,3,13,Cavear,Butter (President),NP,39.96,7.96,47.92,70.0,num_1,NOBUY,346.8,1,0,41
2026-03-05T07:56:19.784,9,23,B,107,3,6,Vention TGKBD Type-C to 4-Port,Ugreen USB-C to USB-C PD Fast Charging Cable,LP,54.4,0.1,54.5,70.0,num_1,NOBUY,332.63,1,0,41
2026-03-05T07:56:27.361,9,23,B,108,3,22,Beer,Peanuts,LP,13.76,0.1,13.86,70.0,num_3,BUY,294.64,1,0,42
2026-03-05T07:56:34.905,9,23,B,109,3,27,Nail Care Set,Tweezers,NP,50.31,4.76,55.07,70.0,num_1,NOBUY,308.02,1,0,42
2026-03-05T07:56:42.482,9,23,B,110,3,28,Coconut Body Lotion,Soap,NP,36.0,15.2,51.2,70.0,num_1,NOBUY,459.62,1,0,42
2026-03-05T07:56:50.041,9,23,B,111,3,16,Chocolate Set (90g),Coffee,ZP,17.4,0.0,17.4,70.0,num_1,NOBUY,1401.51,1,0,42
2026-03-05T07:56:57.585,9,23,B,112,3,38,Table Lamp,Light Bulb,NP,45.6,9.6,55.2,70.0,num_1,NOBUY,394.08,1,0,42
2026-03-05T07:57:05.112,9,23,B,113,3,20,Arak (Georgian Brandy),Energy Drink Red Bull (250ml),ZP,44.76,0.0,44.76,70.0,num_1,NOBUY,320.16,1,0,42
2026-03-05T07:57:12.588,9,23,B,114,3,39,Hascevher 28cm Granite Pan without Lid,Drevotvar 29.5cm Wooden Spoon,NP,27.2,4.24,31.44,70.0,num_1,NOBUY,764.71,1,0,42
2026-03-05T07:57:20.132,9,23,B,115,3,27,Nail Care Set,Tweezers,LP,55.07,0.1,55.17,70.0,num_1,NOBUY,350.76,1,0,42
2026-03-05T07:57:27.708,9,23,B,116,3,36,Lunch container,Lunch Bag,ZP,47.2,0.0,47.2,70.0,,,,0,0,42
2026-03-05T07:57:35.302,9,23,B,117,3,31,Designworks Ink - Notebook Twin Wire,Pen,LP,42.39,0.1,42.49,70.0,num_1,NOBUY,344.94,1,0,42
2026-03-05T07:57:42.945,9,23,B,118,3,10,Olive Oil (Extra Virgin 0.5L),Salad Bowl,NP,20.0,3.2,23.2,70.0,num_1,NOBUY,1106.28,1,0,42
2026-03-05T07:57:50.456,9,23,B,119,3,7,Electric Kettle (ADLER AD1224),Tea Cup with Filter,NP,36.0,6.07,42.07,70.0,num_1,NOBUY,380.03,1,0,42

# SUMMARY
# Bundles bought,42
# Penalty,0.0
# Selected bundle ID,11
# Selected bundle name,Bacon
# Selected bundle bought,True
